{"cameraMode":{"drawMode":0,"name":"Shaded","section":"Shading Mode"},"sceneLighting":false,"audioPlay":false,"sceneViewState":{"m_AlwaysRefresh":false,"showFog":true,"showSkybox":false,"showFlares":true,"showImageEffects":true,"showParticleSystems":true,"showVisualEffectGraphs":true,"m_FxEnabled":true},"in2DMode":false,"pivot":{"x":11.04301929473877,"y":1.6584019660949708,"z":0.9460041522979736},"rotation":{"x":0.02547297812998295,"y":0.9512901306152344,"z":-0.29615548253059389,"w":0.08182238042354584},"size":0.8678256869316101,"orthographic":false}