{"cameraMode":{"drawMode":0,"name":"Shaded","section":"Shading Mode"},"sceneLighting":false,"audioPlay":false,"sceneViewState":{"m_AlwaysRefresh":false,"showFog":true,"showSkybox":false,"showFlares":true,"showImageEffects":true,"showParticleSystems":true,"showVisualEffectGraphs":true,"m_FxEnabled":true},"in2DMode":false,"pivot":{"x":0.7808254957199097,"y":1.4986646175384522,"z":1.5800918340682984},"rotation":{"x":0.02547297812998295,"y":0.9512901306152344,"z":-0.29615548253059389,"w":0.08182238042354584},"size":1.6409834623336793,"orthographic":false}