{"cameraMode":{"drawMode":0,"name":"Shaded","section":"Shading Mode"},"sceneLighting":true,"audioPlay":false,"sceneViewState":{"m_AlwaysRefresh":false,"showFog":true,"showSkybox":true,"showFlares":true,"showImageEffects":true,"showParticleSystems":true,"showVisualEffectGraphs":true,"m_FxEnabled":true},"in2DMode":false,"pivot":{"x":27.28632354736328,"y":178.05999755859376,"z":27.040571212768556},"rotation":{"x":0.15226788818836213,"y":-0.6807922124862671,"z":0.14791437983512879,"w":0.7011415362358093},"size":29.554113388061525,"orthographic":false}