{"cameraMode":{"drawMode":0,"name":"Shaded","section":"Shading Mode"},"sceneLighting":true,"audioPlay":false,"sceneViewState":{"m_AlwaysRefresh":false,"showFog":true,"showSkybox":true,"showFlares":true,"showImageEffects":true,"showParticleSystems":true,"showVisualEffectGraphs":true,"m_FxEnabled":true},"in2DMode":false,"pivot":{"x":-0.10400867462158203,"y":0.8699670433998108,"z":0.32671523094177248},"rotation":{"x":0.004006979987025261,"y":0.981407105922699,"z":-0.19078029692173005,"w":0.020612576976418496},"size":3.0205962657928469,"orthographic":false}