{"cameraMode":{"drawMode":0,"name":"Shaded","section":"Shading Mode"},"sceneLighting":true,"audioPlay":false,"sceneViewState":{"m_AlwaysRefresh":false,"showFog":true,"showSkybox":true,"showFlares":true,"showImageEffects":true,"showParticleSystems":true,"showVisualEffectGraphs":true,"m_FxEnabled":true},"in2DMode":false,"pivot":{"x":933.115966796875,"y":334.20123291015627,"z":455.7911376953125},"rotation":{"x":-0.04737909510731697,"y":-0.008400680497288704,"z":0.00038221850991249084,"w":-0.9988956451416016},"size":866.1266479492188,"orthographic":false}