{"cameraMode":{"drawMode":0,"name":"Shaded","section":"Shading Mode"},"sceneLighting":true,"audioPlay":false,"sceneViewState":{"m_AlwaysRefresh":false,"showFog":true,"showSkybox":true,"showFlares":true,"showImageEffects":true,"showParticleSystems":true,"showVisualEffectGraphs":true,"m_FxEnabled":true},"in2DMode":false,"pivot":{"x":9.31000804901123,"y":15.514191627502442,"z":-5.142226696014404},"rotation":{"x":-0.0029980249237269165,"y":-0.035695675760507587,"z":-0.0001109005170292221,"w":0.9993651509284973},"size":1.865648865699768,"orthographic":false}