{"cameraMode":{"drawMode":0,"name":"Shaded","section":"Shading Mode"},"sceneLighting":true,"audioPlay":false,"sceneViewState":{"m_AlwaysRefresh":false,"showFog":true,"showSkybox":true,"showFlares":true,"showImageEffects":true,"showParticleSystems":true,"showVisualEffectGraphs":true,"m_FxEnabled":true},"in2DMode":false,"pivot":{"x":-2.3680195808410646,"y":-8.469871520996094,"z":75.82405853271485},"rotation":{"x":0.3638155460357666,"y":0.048871126025915149,"z":-0.01911533810198307,"w":0.9299989938735962},"size":28.525815963745118,"orthographic":false}