{"cameraMode":{"drawMode":0,"name":"Shaded","section":"Shading Mode"},"sceneLighting":true,"audioPlay":false,"sceneViewState":{"m_AlwaysRefresh":false,"showFog":true,"showSkybox":true,"showFlares":true,"showImageEffects":true,"showParticleSystems":true,"showVisualEffectGraphs":true,"m_FxEnabled":true},"in2DMode":false,"pivot":{"x":128.07135009765626,"y":200.35910034179688,"z":53.00921630859375},"rotation":{"x":0.25072169303894045,"y":0.023230748251080514,"z":-0.006018479820340872,"w":0.9677623510360718},"size":356.478759765625,"orthographic":false}