{"cameraMode":{"drawMode":0,"name":"Shaded","section":"Shading Mode"},"sceneLighting":true,"audioPlay":false,"sceneViewState":{"m_AlwaysRefresh":false,"showFog":true,"showSkybox":true,"showFlares":true,"showImageEffects":true,"showParticleSystems":true,"showVisualEffectGraphs":true,"m_FxEnabled":true},"in2DMode":false,"pivot":{"x":-12.185522079467774,"y":-28.756534576416017,"z":58.015960693359378},"rotation":{"x":0.3638155460357666,"y":0.048871126025915149,"z":-0.01911533810198307,"w":0.9299989938735962},"size":49.52445602416992,"orthographic":false}