{"cameraMode":{"drawMode":0,"name":"Shaded","section":"Shading Mode"},"sceneLighting":true,"audioPlay":false,"sceneViewState":{"m_AlwaysRefresh":false,"showFog":true,"showSkybox":true,"showFlares":true,"showImageEffects":true,"showParticleSystems":true,"showVisualEffectGraphs":true,"m_FxEnabled":true},"in2DMode":false,"pivot":{"x":8.466344833374024,"y":75.41305541992188,"z":-29.417129516601564},"rotation":{"x":0.2690121531486511,"y":0.014446304179728032,"z":-0.0040353452786803249,"w":0.9630230665206909},"size":43.23670959472656,"orthographic":false}