{"cameraMode":{"drawMode":0,"name":"Shaded","section":"Shading Mode"},"sceneLighting":true,"audioPlay":false,"sceneViewState":{"m_AlwaysRefresh":false,"showFog":true,"showSkybox":true,"showFlares":true,"showImageEffects":true,"showParticleSystems":true,"showVisualEffectGraphs":true,"m_FxEnabled":true},"in2DMode":false,"pivot":{"x":19.519824981689454,"y":150.02105712890626,"z":25.390579223632814},"rotation":{"x":-0.2856999635696411,"y":0.5536067485809326,"z":-0.20992636680603028,"w":-0.7536088228225708},"size":22.573110580444337,"orthographic":false}