{"cameraMode":{"drawMode":0,"name":"Shaded","section":"Shading Mode"},"sceneLighting":true,"audioPlay":false,"sceneViewState":{"m_AlwaysRefresh":false,"showFog":true,"showSkybox":true,"showFlares":true,"showImageEffects":true,"showParticleSystems":true,"showVisualEffectGraphs":true,"m_FxEnabled":true},"in2DMode":false,"pivot":{"x":70.30366516113281,"y":231.4166259765625,"z":11.987289428710938},"rotation":{"x":0.392057865858078,"y":-0.011038881726562977,"z":0.0047049191780388359,"w":0.9198623299598694},"size":62.4945182800293,"orthographic":false}