{"cameraMode":{"drawMode":0,"name":"Shaded","section":"Shading Mode"},"sceneLighting":true,"audioPlay":false,"sceneViewState":{"m_AlwaysRefresh":false,"showFog":true,"showSkybox":true,"showFlares":true,"showImageEffects":true,"showParticleSystems":true,"showVisualEffectGraphs":true,"m_FxEnabled":true},"in2DMode":false,"pivot":{"x":68.63934326171875,"y":273.90643310546877,"z":77.57512664794922},"rotation":{"x":0.25072169303894045,"y":0.023230748251080514,"z":-0.006018479820340872,"w":0.9677623510360718},"size":2.645542621612549,"orthographic":false}