{"cameraMode":{"drawMode":0,"name":"Shaded","section":"Shading Mode"},"sceneLighting":true,"audioPlay":false,"sceneViewState":{"m_AlwaysRefresh":false,"showFog":true,"showSkybox":true,"showFlares":true,"showImageEffects":true,"showParticleSystems":true,"showVisualEffectGraphs":true,"m_FxEnabled":true},"in2DMode":false,"pivot":{"x":68.75779724121094,"y":271.82464599609377,"z":82.64604187011719},"rotation":{"x":0.1656971275806427,"y":-0.020708870142698289,"z":0.0034772998187690975,"w":0.9859665036201477},"size":4.470249652862549,"orthographic":false}